Workbook

Sheet Planning
A2: RT1 — TP1 · Planning opérationnel de la journée découverte R&T
A3: Complétez les cellules jaunes. Les colonnes calculées et le mini-Gantt se mettent à jour automatiquement.
A4: ID | B4: Lot | C4: Tâche | D4: Responsable | E4: Durée (j) | F4: Prédécesseur | G4: Statut | H4: Avancement | I4: Début (jour) | J4: Fin (jour) | K4: Commentaire | L4: 1 | M4: 2 | N4: 3 | O4: 4 | P4: 5 | Q4: 6 | R4: 7 | S4: 8 | T4: 9 | U4: 10 | V4: 11 | W4: 12 | X4: 13 | Y4: 14 | Z4: 15 | AA4: 16 | AB4: 17 | AC4: 18 | AD4: 19 | AE4: 20 | AF4: 21 | AG4: 22 | AH4: 23 | AI4: 24 | AJ4: 25 | AK4: 26 | AL4: 27 | AM4: 28 | AN4: 29 | AO4: 30 | AP4: 31
A5: 1.1 | B5: Cadrage | C5: Valider l’objectif et la date | D5: Mario | E5: 3 | F5: X | G5: Terminé | H5: 100 | I5: 1 | J5: =IF(OR(I5="",E5=""),"",I5+E5-1) -> 3 | L5: =IF(AND(L$4>=$I5,L$4<=$J5),"■","") -> ■ | M5: =IF(AND(M$4>=$I5,M$4<=$J5),"■","") -> ■ | N5: =IF(AND(N$4>=$I5,N$4<=$J5),"■","") -> ■ | O5: =IF(AND(O$4>=$I5,O$4<=$J5),"■","") | P5: =IF(AND(P$4>=$I5,P$4<=$J5),"■","") | Q5: =IF(AND(Q$4>=$I5,Q$4<=$J5),"■","") | R5: =IF(AND(R$4>=$I5,R$4<=$J5),"■","") | S5: =IF(AND(S$4>=$I5,S$4<=$J5),"■","") | ... AP5: =IF(AND(AP$4>=$I5,AP$4<=$J5),"■","")
A6: 1.2 | B6: Cadrage | C6: Confirmer les lycées participants | D6: Mario | E6: 10 | F6: 4.1 | G6: En cours | H6: 60 | I6: 5 | J6: =IF(OR(I6="",E6=""),"",I6+E6-1) -> 14 | L6: =IF(AND(L$4>=$I6,L$4<=$J6),"■","") | M6: =IF(AND(M$4>=$I6,M$4<=$J6),"■","") | N6: =IF(AND(N$4>=$I6,N$4<=$J6),"■","") | O6: =IF(AND(O$4>=$I6,O$4<=$J6),"■","") | P6: =IF(AND(P$4>=$I6,P$4<=$J6),"■","") -> ■ | Q6: =IF(AND(Q$4>=$I6,Q$4<=$J6),"■","") -> ■ | R6: =IF(AND(R$4>=$I6,R$4<=$J6),"■","") -> ■ | S6: =IF(AND(S$4>=$I6,S$4<=$J6),"■","") -> ■ | ... AP6: =IF(AND(AP$4>=$I6,AP$4<=$J6),"■","")
A7: 2.1 | B7: Logistique | C7: Réserver les salles | D7: Tony | E7: 2 | F7: 2.2 | G7: Bloqué | H7: 0 | I7: 24 | J7: =IF(OR(I7="",E7=""),"",I7+E7-1) -> 25 | L7: =IF(AND(L$4>=$I7,L$4<=$J7),"■","") | M7: =IF(AND(M$4>=$I7,M$4<=$J7),"■","") | N7: =IF(AND(N$4>=$I7,N$4<=$J7),"■","") | O7: =IF(AND(O$4>=$I7,O$4<=$J7),"■","") | P7: =IF(AND(P$4>=$I7,P$4<=$J7),"■","") | Q7: =IF(AND(Q$4>=$I7,Q$4<=$J7),"■","") | R7: =IF(AND(R$4>=$I7,R$4<=$J7),"■","") | S7: =IF(AND(S$4>=$I7,S$4<=$J7),"■","") | ... AP7: =IF(AND(AP$4>=$I7,AP$4<=$J7),"■","")
A8: 2.2 | B8: Logistique | C8: Définir les groupes et les rotations | D8: Tony | E8: 3 | F8: 1.2 | G8: Bloqué | H8: 0 | I8: 15 | J8: =IF(OR(I8="",E8=""),"",I8+E8-1) -> 17 | L8: =IF(AND(L$4>=$I8,L$4<=$J8),"■","") | M8: =IF(AND(M$4>=$I8,M$4<=$J8),"■","") | N8: =IF(AND(N$4>=$I8,N$4<=$J8),"■","") | O8: =IF(AND(O$4>=$I8,O$4<=$J8),"■","") | P8: =IF(AND(P$4>=$I8,P$4<=$J8),"■","") | Q8: =IF(AND(Q$4>=$I8,Q$4<=$J8),"■","") | R8: =IF(AND(R$4>=$I8,R$4<=$J8),"■","") | S8: =IF(AND(S$4>=$I8,S$4<=$J8),"■","") | ... AP8: =IF(AND(AP$4>=$I8,AP$4<=$J8),"■","")
A9: 2.3 | B9: Logistique | C9: Prévoir l’accueil et la restauration | D9: Mario | E9: 3 | F9: 2.2 | G9: Bloqué | H9: 0 | I9: 24 | J9: =IF(OR(I9="",E9=""),"",I9+E9-1) -> 26 | L9: =IF(AND(L$4>=$I9,L$4<=$J9),"■","") | M9: =IF(AND(M$4>=$I9,M$4<=$J9),"■","") | N9: =IF(AND(N$4>=$I9,N$4<=$J9),"■","") | O9: =IF(AND(O$4>=$I9,O$4<=$J9),"■","") | P9: =IF(AND(P$4>=$I9,P$4<=$J9),"■","") | Q9: =IF(AND(Q$4>=$I9,Q$4<=$J9),"■","") | R9: =IF(AND(R$4>=$I9,R$4<=$J9),"■","") | S9: =IF(AND(S$4>=$I9,S$4<=$J9),"■","") | ... AP9: =IF(AND(AP$4>=$I9,AP$4<=$J9),"■","")
A10: 3.1 | B10: Ateliers | C10: Choisir les ateliers techniques | D10: Luc | E10: 1 | F10: 2.2 | G10: Bloqué | H10: 0 | I10: 24 | J10: =IF(OR(I10="",E10=""),"",I10+E10-1) -> 24 | L10: =IF(AND(L$4>=$I10,L$4<=$J10),"■","") | M10: =IF(AND(M$4>=$I10,M$4<=$J10),"■","") | N10: =IF(AND(N$4>=$I10,N$4<=$J10),"■","") | O10: =IF(AND(O$4>=$I10,O$4<=$J10),"■","") | P10: =IF(AND(P$4>=$I10,P$4<=$J10),"■","") | Q10: =IF(AND(Q$4>=$I10,Q$4<=$J10),"■","") | R10: =IF(AND(R$4>=$I10,R$4<=$J10),"■","") | S10: =IF(AND(S$4>=$I10,S$4<=$J10),"■","") | ... AP10: =IF(AND(AP$4>=$I10,AP$4<=$J10),"■","")
A11: 3.2 | B11: Ateliers | C11: Préparer les supports et consignes | D11: Luc | E11: 3 | F11: 3.1 | G11: Bloqué | H11: 0 | I11: 25 | J11: =IF(OR(I11="",E11=""),"",I11+E11-1) -> 27 | L11: =IF(AND(L$4>=$I11,L$4<=$J11),"■","") | M11: =IF(AND(M$4>=$I11,M$4<=$J11),"■","") | N11: =IF(AND(N$4>=$I11,N$4<=$J11),"■","") | O11: =IF(AND(O$4>=$I11,O$4<=$J11),"■","") | P11: =IF(AND(P$4>=$I11,P$4<=$J11),"■","") | Q11: =IF(AND(Q$4>=$I11,Q$4<=$J11),"■","") | R11: =IF(AND(R$4>=$I11,R$4<=$J11),"■","") | S11: =IF(AND(S$4>=$I11,S$4<=$J11),"■","") | ... AP11: =IF(AND(AP$4>=$I11,AP$4<=$J11),"■","")
A12: 3.3 | B12: Ateliers | C12: Installer et tester le matériel | D12: Luc | E12: 3 | F12: 3.2 | G12: Bloqué | H12: 0 | I12: 28 | J12: =IF(OR(I12="",E12=""),"",I12+E12-1) -> 30 | L12: =IF(AND(L$4>=$I12,L$4<=$J12),"■","") | M12: =IF(AND(M$4>=$I12,M$4<=$J12),"■","") | N12: =IF(AND(N$4>=$I12,N$4<=$J12),"■","") | O12: =IF(AND(O$4>=$I12,O$4<=$J12),"■","") | P12: =IF(AND(P$4>=$I12,P$4<=$J12),"■","") | Q12: =IF(AND(Q$4>=$I12,Q$4<=$J12),"■","") | R12: =IF(AND(R$4>=$I12,R$4<=$J12),"■","") | S12: =IF(AND(S$4>=$I12,S$4<=$J12),"■","") | ... AP12: =IF(AND(AP$4>=$I12,AP$4<=$J12),"■","")
A13: 4.1 | B13: Communication | C13: Envoyer les invitations | D13: Mario | E13: 1 | F13: 1.1 | G13: Terminé | H13: 100 | I13: 4 | J13: =IF(OR(I13="",E13=""),"",I13+E13-1) -> 4 | L13: =IF(AND(L$4>=$I13,L$4<=$J13),"■","") | M13: =IF(AND(M$4>=$I13,M$4<=$J13),"■","") | N13: =IF(AND(N$4>=$I13,N$4<=$J13),"■","") | O13: =IF(AND(O$4>=$I13,O$4<=$J13),"■","") -> ■ | P13: =IF(AND(P$4>=$I13,P$4<=$J13),"■","") | Q13: =IF(AND(Q$4>=$I13,Q$4<=$J13),"■","") | R13: =IF(AND(R$4>=$I13,R$4<=$J13),"■","") | S13: =IF(AND(S$4>=$I13,S$4<=$J13),"■","") | ... AP13: =IF(AND(AP$4>=$I13,AP$4<=$J13),"■","")
A14: 4.2 | B14: Communication | C14: Préparer le message de rappel | D14: Mario | E14: 2 | F14: 1.2 | G14: Bloqué | H14: 0 | I14: 24 | J14: =IF(OR(I14="",E14=""),"",I14+E14-1) -> 25 | L14: =IF(AND(L$4>=$I14,L$4<=$J14),"■","") | M14: =IF(AND(M$4>=$I14,M$4<=$J14),"■","") | N14: =IF(AND(N$4>=$I14,N$4<=$J14),"■","") | O14: =IF(AND(O$4>=$I14,O$4<=$J14),"■","") | P14: =IF(AND(P$4>=$I14,P$4<=$J14),"■","") | Q14: =IF(AND(Q$4>=$I14,Q$4<=$J14),"■","") | R14: =IF(AND(R$4>=$I14,R$4<=$J14),"■","") | S14: =IF(AND(S$4>=$I14,S$4<=$J14),"■","") | ... AP14: =IF(AND(AP$4>=$I14,AP$4<=$J14),"■","")
A15: 5.1 | B15: Réalisation | C15: Accueillir et animer la journée | D15: Luc, Tony | E15: 1 | F15: 3.3 | G15: Bloqué | H15: 0 | I15: 31 | J15: =IF(OR(I15="",E15=""),"",I15+E15-1) -> 31 | L15: =IF(AND(L$4>=$I15,L$4<=$J15),"■","") | M15: =IF(AND(M$4>=$I15,M$4<=$J15),"■","") | N15: =IF(AND(N$4>=$I15,N$4<=$J15),"■","") | O15: =IF(AND(O$4>=$I15,O$4<=$J15),"■","") | P15: =IF(AND(P$4>=$I15,P$4<=$J15),"■","") | Q15: =IF(AND(Q$4>=$I15,Q$4<=$J15),"■","") | R15: =IF(AND(R$4>=$I15,R$4<=$J15),"■","") | S15: =IF(AND(S$4>=$I15,S$4<=$J15),"■","") | ... AP15: =IF(AND(AP$4>=$I15,AP$4<=$J15),"■","") -> ■
A16: 5.2 | B16: Clôture | C16: Recueillir les avis et faire le bilan | D16: Tony | E16: 1 | F16: 5.1 | G16: Bloqué | H16: 0 | I16: 31 | J16: =IF(OR(I16="",E16=""),"",I16+E16-1) -> 31 | L16: =IF(AND(L$4>=$I16,L$4<=$J16),"■","") | M16: =IF(AND(M$4>=$I16,M$4<=$J16),"■","") | N16: =IF(AND(N$4>=$I16,N$4<=$J16),"■","") | O16: =IF(AND(O$4>=$I16,O$4<=$J16),"■","") | P16: =IF(AND(P$4>=$I16,P$4<=$J16),"■","") | Q16: =IF(AND(Q$4>=$I16,Q$4<=$J16),"■","") | R16: =IF(AND(R$4>=$I16,R$4<=$J16),"■","") | S16: =IF(AND(S$4>=$I16,S$4<=$J16),"■","") | ... AP16: =IF(AND(AP$4>=$I16,AP$4<=$J16),"■","") -> ■
A18: Consigne imprévu : la salle principale devient indisponible au jour 24. Modifiez le planning sans décaler la journée.

Sheet Risques
A2: RT1 — TP1 · Registre des risques
A3: Évaluez les risques, choisissez une réponse et nommez un responsable.
A4: Risque | B4: Probabilité | C4: Impact | D4: Score | E4: Prévention | F4: Plan B | G4: Responsable | H4: Statut
A5: Salle indisponible | B5: 1 | C5: 4 | D5: =B5*C5 -> 4 | E5: Réserver deux salles | F5: aller à l’autre salle | G5: Tony | H5: Ouvert
A6: Matériel en panne | B6: 3 | C6: 3 | D6: =B6*C6 -> 9 | E6: Prévoir un matériel d’urgence pour le plus indispensable, et faire venir un tech.au préalable. | F6: prendre le matos d’urgence | G6: Luc | H6: Ouvert
A7: Animateur absent | B7: 1 | C7: 4 | D7: =B7*C7 -> 4 | E7: avoir un animateur alternatif en capacité de remplacer l’ancien, en gros faire des binômes | F7: prendre l’autre animateur | G7: Mario, Luc | H7: Ouvert
A8: Retard d’un groupe | B8: 3 | C8: 1 | D8: =B8*C8 -> 3 | E8: prévoir plus de temps à l’accueil ou entre les ateliers | F8: on les attend | G8: Luc | H8: Ouvert
A9: Effectif supérieur | B9: 2 | C9: 2 | D9: =B9*C9 -> 4 | E9: Prévoir plus que l’effectif donnée ( pareil pour la restauration ) | F9: donner ce qu’on à prévu en plus | G9: Mario | H9: Ouvert
A10: Problème de restauration | B10: 3 | C10: 2 | D10: =B10*C10 -> 6 | E10: prévoir, plus, et le jour d’avant, prévoir une autre affiliation si jamais. | F10: prendre le surplus ou se rattacher à l’autre affiliation | G10: Tony | H10: Ouvert
A12: Échelle : 1 faible · 2 modéré · 3 fort · 4 critique. Score 9 à 16 = priorité.

Sheet Tableau de bord
A2: RT1 — TP1 · Tableau de bord
A4: Indicateur | B4: Valeur | D4: Statut projet | E4: Critère | F4: Décision / action
A5: Nombre de tâches | B5: =COUNTA(Planning!A5:A16) -> 12 | D5: Délai | E5: Planning réalisable ?
A6: Tâches terminées | B6: =COUNTIF(Planning!G5:G16,"Terminé") -> 2 | D6: Ressources | E6: Responsables disponibles ?
A7: Avancement moyen | B7: =AVERAGE(Planning!H5:H16)/100 -> 0.21666667 | D7: Risques | E7: Risque prioritaire traité ?
A8: Tâches bloquées | B8: =COUNTIF(Planning!G5:G16,"Bloqué") -> 9 | D8: Organisation | E8: Plan B validé ?
A9: Risques prioritaires | B9: =COUNTIF(Risques!D5:D10,">=9") -> 1
A10: Décision à prendre | B10: À compléter par le groupe
A12: Restitution : présentez l’écart principal, votre modification de planning et votre décision en 60 secondes.
